category_name,month,gmv_created
Automotive & Industrial,2017-01-01,5732.99
Automotive & Industrial,2017-02-01,16513.71
Automotive & Industrial,2017-03-01,18085.63
Automotive & Industrial,2017-04-01,18708.51
Automotive & Industrial,2017-05-01,22163.2
Automotive & Industrial,2017-06-01,33632.52
Automotive & Industrial,2017-07-01,17993.44
Automotive & Industrial,2017-08-01,26205.84
Automotive & Industrial,2017-09-01,22207.92
Automotive & Industrial,2017-10-01,35656.31
Automotive & Industrial,2017-11-01,66059.91
Automotive & Industrial,2017-12-01,55380.32
Automotive & Industrial,2018-01-01,63659.36
Automotive & Industrial,2018-02-01,73445.48
Automotive & Industrial,2018-03-01,73260.03
Automotive & Industrial,2018-04-01,82041.37
Automotive & Industrial,2018-05-01,77817.29000000001
Automotive & Industrial,2018-06-01,86972.56
Automotive & Industrial,2018-07-01,29726.53
Baby Products,2017-01-01,6217.88
Baby Products,2017-02-01,2872.58
Baby Products,2017-03-01,3604.18
Baby Products,2017-04-01,3980.45
Baby Products,2017-05-01,9283.62
Baby Products,2017-06-01,7864.74
Baby Products,2017-07-01,15461.41
Baby Products,2017-08-01,19762.329999999998
Baby Products,2017-09-01,23412.44
Baby Products,2017-10-01,16497.5
Baby Products,2017-11-01,21178.18
Baby Products,2017-12-01,19943.18
Baby Products,2018-01-01,30156.670000000002
Baby Products,2018-02-01,26046.239999999998
Baby Products,2018-03-01,41381.04
Baby Products,2018-04-01,49801.91
Baby Products,2018-05-01,33420.65
Baby Products,2018-06-01,31076.12
Baby Products,2018-07-01,8271.07
Electronics & Computers,2017-01-01,12706.58
Electronics & Computers,2017-02-01,28903.85
Electronics & Computers,2017-03-01,52870.05
Electronics & Computers,2017-04-01,36855.17
Electronics & Computers,2017-05-01,67417.32
Electronics & Computers,2017-06-01,53657.05
Electronics & Computers,2017-07-01,61896.39
Electronics & Computers,2017-08-01,94490.26000000001
Electronics & Computers,2017-09-01,125536.22
Electronics & Computers,2017-10-01,123891.86
Electronics & Computers,2017-11-01,133504.09
Electronics & Computers,2017-12-01,89287.6
Electronics & Computers,2018-01-01,134594.74
Electronics & Computers,2018-02-01,149754.54
Electronics & Computers,2018-03-01,148680.06
Electronics & Computers,2018-04-01,115311.19
Electronics & Computers,2018-05-01,108508.94
Electronics & Computers,2018-06-01,98825.51
Electronics & Computers,2018-07-01,40345.59
Fashion & Accessories,2017-01-01,10627.34
Fashion & Accessories,2017-02-01,16420.66
Fashion & Accessories,2017-03-01,38305.29
Fashion & Accessories,2017-04-01,35873.85
Fashion & Accessories,2017-05-01,60670.25
Fashion & Accessories,2017-06-01,45344.94
Fashion & Accessories,2017-07-01,50937.89
Fashion & Accessories,2017-08-01,53474.08
Fashion & Accessories,2017-09-01,66957.86
Fashion & Accessories,2017-10-01,82037.54
Fashion & Accessories,2017-11-01,121620.07
Fashion & Accessories,2017-12-01,89631.98
Fashion & Accessories,2018-01-01,103245.57
Fashion & Accessories,2018-02-01,81450.26
Fashion & Accessories,2018-03-01,115354.7
Fashion & Accessories,2018-04-01,111737.25
Fashion & Accessories,2018-05-01,141906.48
Fashion & Accessories,2018-06-01,101724.06
Fashion & Accessories,2018-07-01,47375.2
Food & Beverages,2017-01-01,42.82
Food & Beverages,2017-02-01,676.73
Food & Beverages,2017-03-01,3112.23
Food & Beverages,2017-04-01,763.13
Food & Beverages,2017-05-01,1016.39
Food & Beverages,2017-06-01,257.29
Food & Beverages,2017-07-01,1496.3200000000002
Food & Beverages,2017-08-01,1292.21
Food & Beverages,2017-09-01,1548.76
Food & Beverages,2017-10-01,3837.27
Food & Beverages,2017-11-01,3888.13
Food & Beverages,2017-12-01,4170.86
Food & Beverages,2018-01-01,3590.34
Food & Beverages,2018-02-01,4959.96
Food & Beverages,2018-03-01,5262.37
Food & Beverages,2018-04-01,7566.94
Food & Beverages,2018-05-01,5288.36
Food & Beverages,2018-06-01,3232.1
Food & Beverages,2018-07-01,1461.28
Health & Beauty,2017-01-01,17533.94
Health & Beauty,2017-02-01,30249.420000000002
Health & Beauty,2017-03-01,45735.48
Health & Beauty,2017-04-01,42083.36
Health & Beauty,2017-05-01,66680.07
Health & Beauty,2017-06-01,56163.9
Health & Beauty,2017-07-01,47410.65
Health & Beauty,2017-08-01,62449.22
Health & Beauty,2017-09-01,65759.92
Health & Beauty,2017-10-01,58609.77
Health & Beauty,2017-11-01,110428.95999999999
Health & Beauty,2017-12-01,87861.4
Health & Beauty,2018-01-01,92252.58
Health & Beauty,2018-02-01,107585.86
Health & Beauty,2018-03-01,106602.61
Health & Beauty,2018-04-01,109469.35
Health & Beauty,2018-05-01,119854.67
Health & Beauty,2018-06-01,135131.85
Health & Beauty,2018-07-01,49448.46
Home & Garden,2017-01-01,32478.94
Home & Garden,2017-02-01,77146.73
Home & Garden,2017-03-01,103463.41
Home & Garden,2017-04-01,95595.06
Home & Garden,2017-05-01,128221.51
Home & Garden,2017-06-01,110160.98
Home & Garden,2017-07-01,162303.1
Home & Garden,2017-08-01,165632.64
Home & Garden,2017-09-01,147334.26
Home & Garden,2017-10-01,156108.9
Home & Garden,2017-11-01,284710.51
Home & Garden,2017-12-01,162602.86
Home & Garden,2018-01-01,251448.24
Home & Garden,2018-02-01,217714.34
Home & Garden,2018-03-01,253893.0
Home & Garden,2018-04-01,292953.02999999997
Home & Garden,2018-05-01,293541.65
Home & Garden,2018-06-01,240429.74
Home & Garden,2018-07-01,91930.22
Pet Supplies,2017-01-01,967.12
Pet Supplies,2017-02-01,3584.87
Pet Supplies,2017-03-01,8369.960000000001
Pet Supplies,2017-04-01,6182.89
Pet Supplies,2017-05-01,8151.02
Pet Supplies,2017-06-01,5243.57
Pet Supplies,2017-07-01,6605.87
Pet Supplies,2017-08-01,10425.79
Pet Supplies,2017-09-01,8534.92
Pet Supplies,2017-10-01,8243.58
Pet Supplies,2017-11-01,11267.69
Pet Supplies,2017-12-01,7159.73
Pet Supplies,2018-01-01,10885.96
Pet Supplies,2018-02-01,9575.039999999999
Pet Supplies,2018-03-01,13643.69
Pet Supplies,2018-04-01,18556.5
Pet Supplies,2018-05-01,11708.46
Pet Supplies,2018-06-01,19491.78
Pet Supplies,2018-07-01,6217.98
Small Appliances,2017-01-01,1660.79
Small Appliances,2017-02-01,7251.58
Small Appliances,2017-03-01,11171.06
Small Appliances,2017-04-01,23253.98
Small Appliances,2017-05-01,5241.44
Small Appliances,2017-06-01,9770.71
Small Appliances,2017-07-01,3587.23
Small Appliances,2017-08-01,4318.91
Small Appliances,2017-09-01,10671.73
Small Appliances,2017-10-01,6464.85
Small Appliances,2017-11-01,6782.92
Small Appliances,2017-12-01,7539.7699999999995
Small Appliances,2018-01-01,15390.85
Small Appliances,2018-02-01,8270.06
Small Appliances,2018-03-01,21912.08
Small Appliances,2018-04-01,26052.74
Small Appliances,2018-05-01,20782.59
Small Appliances,2018-06-01,19521.7
Small Appliances,2018-07-01,7378.43
Stationery & Office Supplies,2017-01-01,1561.99
Stationery & Office Supplies,2017-02-01,2341.4
Stationery & Office Supplies,2017-03-01,5902.62
Stationery & Office Supplies,2017-04-01,4606.34
Stationery & Office Supplies,2017-05-01,6049.98
Stationery & Office Supplies,2017-06-01,3493.57
Stationery & Office Supplies,2017-07-01,6906.85
Stationery & Office Supplies,2017-08-01,6366.91
Stationery & Office Supplies,2017-09-01,5851.52
Stationery & Office Supplies,2017-10-01,7847.17
Stationery & Office Supplies,2017-11-01,16660.09
Stationery & Office Supplies,2017-12-01,24793.1
Stationery & Office Supplies,2018-01-01,40284.32
Stationery & Office Supplies,2018-02-01,11339.11
Stationery & Office Supplies,2018-03-01,13152.74
Stationery & Office Supplies,2018-04-01,11521.45
Stationery & Office Supplies,2018-05-01,12923.39
Stationery & Office Supplies,2018-06-01,12859.08
Stationery & Office Supplies,2018-07-01,5648.57
Toys & Entertainment,2017-01-01,22549.92
Toys & Entertainment,2017-02-01,41587.91
Toys & Entertainment,2017-03-01,64026.5
Toys & Entertainment,2017-04-01,65083.78
Toys & Entertainment,2017-05-01,108612.88
Toys & Entertainment,2017-06-01,94684.5
Toys & Entertainment,2017-07-01,109821.36
Toys & Entertainment,2017-08-01,108630.02
Toys & Entertainment,2017-09-01,128696.34
Toys & Entertainment,2017-10-01,135398.43
Toys & Entertainment,2017-11-01,203250.82
Toys & Entertainment,2017-12-01,167539.51
Toys & Entertainment,2018-01-01,169022.28
Toys & Entertainment,2018-02-01,134491.55
Toys & Entertainment,2018-03-01,158283.87
Toys & Entertainment,2018-04-01,156478.97
Toys & Entertainment,2018-05-01,153123.61
Toys & Entertainment,2018-06-01,110231.07
Toys & Entertainment,2018-07-01,45593.35
